,Phase,Ascii file,Tel
0,7.5499999999956335,103452.SN2007ap.ascii,FLWO-1.5m / FAST
1,11.559999999997673,103453.SN2007ap.ascii,FLWO-1.5m / FAST
