,Phase,Ascii file,Tel
0,-0.26099999999132706,100356.SN2001bf.ascii,Lick-3m / KAST
1,8.770000000004075,102052.SN2001bf.ascii,MMT / MMT-Blue
