,Phase,Ascii file,Tel
0,-3.002999999996973,100990.SN2006sr.ascii,Lick-3m / KAST
1,2.1419999999998254,100991.SN2006sr.ascii,Keck1 / LRIS
2,-0.9799999999959256,103370.SN2006sr.ascii,FLWO-1.5m / FAST
3,0.9899999999979628,103371.SN2006sr.ascii,FLWO-1.5m / FAST
4,2.0200000000040745,103372.SN2006sr.ascii,FLWO-1.5m / FAST
5,3.0299999999988367,103373.SN2006sr.ascii,FLWO-1.5m / FAST
