,Phase,Ascii file,Tel
0,20.59999999999855,27821.SN2001V.ascii,MMT / MMT-Blue
1,16.567999999992026,100428.SN2001V.ascii,Lick-3m / KAST
