,Phase,Ascii file,Tel
0,-8.53399999999965,100345.SN2000fa.ascii,Lick-3m / KAST
1,6.900000000001455,100346.SN2000fa.ascii,Lick-3m / KAST
