,Phase,Ascii file,Tel
0,5.950999999993655,100156.SN1997bp.ascii,Lick-3m / KAST
1,-3.0800000000017462,101448.SN1997bp.ascii,MMT / MMT-Blue
