,Phase,Ascii file,Tel
0,5.735999999997148,100850.SN2006bq.ascii,Keck1 / LRIS
1,13.572999999996682,100851.SN2006bq.ascii,Lick-3m / KAST
