,Phase,Ascii file,Tel
0,2.87000000000262,14362.SN2001ep.ascii,Lick-3m / KAST
1,7.955995370371967,14365.SN2001ep.ascii,Lick-3m / KAST
