,Phase,Ascii file,Tel
0,10.552999999999884,100395.SN2001en.ascii,Lick-3m / KAST
1,15.252000000000407,100396.SN2001en.ascii,Lick-3m / KAST
