,Phase,Ascii file,Tel
0,-3.599999999998545,100354.SN2001az.ascii,Lick-3m / KAST
1,20.830000000001746,102046.SN2001az.ascii,MMT / MMT-Blue
