,Phase,Ascii file,Tel
0,2.4220023148154723,10218.SN2000cp.ascii,Lick-3m / KAST
1,2.4219999999986612,100293.SN2000cp.ascii,Lick-3m / KAST
