,Phase,Ascii file,Tel
0,5.735999999997147,100850.SN2006bq.ascii,Keck1 / LRIS
1,13.57299999999668,100851.SN2006bq.ascii,Lick-3m / KAST
