,Phase,Ascii file,Tel
0,5.454004629624251,7353.SN2001fh.ascii,Lick-3m / KAST
1,5.4539999999979045,100413.SN2001fh.ascii,Lick-3m / KAST
