,Phase,Ascii file,Tel
0,-2.7479999999995925,100642.SN2003U.ascii,Lick-3m / KAST
1,-8.770000000004075,102819.SN2003U.ascii,MMT / MMT-Blue
