,Phase,Ascii file,Tel
0,-6.580000000001746,100969.SN2006lf.ascii,Lick-3m / KAST
1,-4.599999999998545,103318.SN2006lf.ascii,FLWO-1.5m / FAST
