,Phase,Ascii file,Tel
0,-8.773999999997612,100595.SN2003fa.ascii,Lick-3m / KAST
1,19.210000000006406,102681.SN2003fa.ascii,MMT / MMT-Blue
