,Phase,Ascii file,Tel
0,6.570995370369928,8492.SN2004bk.ascii,Lick-3m / KAST
1,6.570999999996275,100657.SN2004bk.ascii,Lick-3m / KAST
