,Phase,Ascii file,Tel
0,-3.6699999999982538,100931.SN2006ej.ascii,Lick-3m / KAST
1,5.298000000002503,100932.SN2006ej.ascii,Lick-3m / KAST
