,Phase,Ascii file,Tel
0,-2.735000000000582,100259.SN1999da.ascii,Lick-3m / KAST
1,6.2520000000004075,100260.SN1999da.ascii,Lick-3m / KAST
