,Phase,Ascii file,Tel
0,-3.477000000006228,100207.SN1998dm.ascii,Lick-3m / KAST
1,16.479999999995925,100208.SN1998dm.ascii,Lick-3m / KAST
