,Phase,Ascii file,Tel
0,-4.870000000002619,100157.SN1997br.ascii,Lick-3m / KAST
1,11.989999999997963,101478.SN1997br.ascii,MMT / MMT-Blue
