,Phase,Ascii file,Tel
0,8.689000000005763,100844.SN2006ak.ascii,Lick-3m / KAST
1,7.630000000004657,103152.SN2006ak.ascii,FLWO-1.5m / FAST
