,Phase,Ascii file,Tel
0,-1.9281065553732333,100829.SN2005ms.ascii,Lick-3m / KAST
1,14.989893444624613,100830.SN2005ms.ascii,Lick-3m / KAST
