,Phase,Ascii file,Tel
0,-6.694038245463163,100266.SN1999dk.ascii,Lick-3m / KAST
1,17.313961754545744,100267.SN1999dk.ascii,Lick-3m / KAST
