,Phase,Ascii file,Tel
0,16.127002314809943,593.SN2002dp.ascii,Lick-3m / KAST
1,16.127000000000407,100497.SN2002dp.ascii,Lick-3m / KAST
