,Phase,Ascii file,Tel
0,7.549999999995634,103452.SN2007ap.ascii,FLWO-1.5m / FAST
1,11.559999999997672,103453.SN2007ap.ascii,FLWO-1.5m / FAST
