,Phase,Ascii file,Tel
0,-1.7559999999939464,100331.SN2000dm.ascii,Lick-3m / KAST
1,8.205999999998312,100332.SN2000dm.ascii,Lick-3m / KAST
