,Phase,Ascii file,Tel
0,4.8000000000029095,5858.SN1999cp.ascii,Lick-3m / KAST
1,14.025995370371675,5859.SN1999cp.ascii,Lick-3m / KAST
