,Phase,Ascii file,Tel
0,1.5190000000002328,101045.SN2007bz.ascii,Lick-3m / KAST
1,17.409999999996213,103506.SN2007bz.ascii,FLWO-1.5m / FAST
