,Phase,Ascii file,Tel
0,6.7129999999961,101253.SN2008Q.ascii,Lick-3m / KAST
1,-7.290000000000873,103791.SN2008Q.ascii,FLWO-1.5m / FAST
2,-6.279999999998836,103792.SN2008Q.ascii,FLWO-1.5m / FAST
3,-3.290000000000873,103793.SN2008Q.ascii,FLWO-1.5m / FAST
4,-2.2700000000040745,103794.SN2008Q.ascii,FLWO-1.5m / FAST
5,-1.2600000000020373,103795.SN2008Q.ascii,FLWO-1.5m / FAST
6,-0.31000000000494765,103796.SN2008Q.ascii,FLWO-1.5m / FAST
