,Phase,Ascii file,Tel
0,-2.7350000000005816,100259.SN1999da.ascii,Lick-3m / KAST
1,6.252000000000408,100260.SN1999da.ascii,Lick-3m / KAST
