,Phase,Ascii file,Tel
0,-7.245995370372839,13061.SN2002cr.ascii,Lick-3m / KAST
1,-7.245999999991909,100464.SN2002cr.ascii,Lick-3m / KAST
