,Phase,Ascii file,Tel
0,-0.12599537037021946,3416.SN2002de.ascii,Lick-3m / KAST
1,8.804000000003724,100491.SN2002de.ascii,Lick-3m / KAST
