,Phase,Ascii file,Tel
0,-6.582000000002154,100202.SN1998dk.ascii,Lick-3m / KAST
1,0.20500000000174623,100203.SN1998dk.ascii,Lick-3m / KAST
