,Phase,Ascii file,Tel
0,14.50099537037022,13957.SN2000cn.ascii,Lick-3m / KAST
1,14.500999999996566,100291.SN2000cn.ascii,Lick-3m / KAST
