,Phase,Ascii file,Tel
0,-2.885999999991327,100145.SN1995E.ascii,Lick-3m / KAST
1,1.0300000000061118,101384.SN1995E.ascii,FLWO-1.5m / FAST
