,Phase,Ascii file,Tel
0,-2.7269999999989523,101137.SN2007on.ascii,Keck1 / LRIS
1,10.05000000000291,104242.SN2007on.ascii,Magellan-Clay / MagE
