,Phase,Ascii file,Tel
0,-5.010393518510682,23738.SN2005bl.ascii,CA-2.2m / CAFOS
1,3.900000000001455,23743.SN2005bl.ascii,TNG / DOLORES
