,Phase,Ascii file,Tel
0,-7.1999999999970905,104529.SN2000E.ascii,Ekar / AFOSC
1,6.8000000000029095,104532.SN2000E.ascii,Ekar / AFOSC
